perceptual_hash,file_path
3417461760230053,/content/drive/MyDrive/Reco_Plantes_U/Common_wheat/78.png
3417461760230053,/content/drive/MyDrive/Reco_Plantes_U/Common_wheat/77.png
3417461760230053,/content/drive/MyDrive/Reco_Plantes_U/Common_wheat/76.png
1152497590928900,/content/drive/MyDrive/Reco_Plantes_U/Tomato/48c55974-9fe9-4f4b-94f7-c8cd127d1e05___GHLB_PS Leaf 23.7 Day 13.jpg
1152497590928900,/content/drive/MyDrive/Reco_Plantes_U/Tomato/bd4f09bd-ee85-4ab1-bce0-8cde3fdd7f1b___GHLB_PS Leaf 23.7 Day 13.jpg
4539615100912007,/content/drive/MyDrive/Reco_Plantes_U/Tomato/98586693-fe1f-4ea0-8e27-4501b61cf09b___GHLB_PS Leaf 23.5 Day 13.jpg
4539615100912007,/content/drive/MyDrive/Reco_Plantes_U/Tomato/c1775bad-7c02-41fb-bb7d-f8df91d60ac3___GHLB_PS Leaf 23.5 Day 13.jpg
62979160282045448,/content/drive/MyDrive/Reco_Plantes_U/Tomato/a5de43e7-fc2f-4a14-a8e6-c0f2f94c84f1___GH_HL Leaf 434.JPG
62979160282045448,/content/drive/MyDrive/Reco_Plantes_U/Tomato/488feb1c-4b9f-44e7-8aa6-4103a9601f5f___GH_HL Leaf 434.JPG
65753255985682448,/content/drive/MyDrive/Reco_Plantes_U/Tomato/34c81c57-e1fa-49dd-a49d-34fe8b2385fe___GH_HL Leaf 466.1.JPG
65753255985682448,/content/drive/MyDrive/Reco_Plantes_U/Tomato/068e324c-faf6-40d6-8f83-578907f1cac5___GH_HL Leaf 466.1.JPG
52815343010952703,/content/drive/MyDrive/Reco_Plantes_U/Tomato/5f21282c-e2ef-4c4a-ace1-b5701fe7effc___GHLB2 Leaf 8999.JPG
52815343010952703,/content/drive/MyDrive/Reco_Plantes_U/Tomato/e5d707cd-077c-43af-bda9-6138e516ff51___GHLB2 Leaf 8999.JPG
29581444667683011,/content/drive/MyDrive/Reco_Plantes_U/Tomato/37203047-d8ba-43f7-b31e-d496c41c569c___GH_HL Leaf 389.JPG
29581444667683011,/content/drive/MyDrive/Reco_Plantes_U/Tomato/505465db-407b-4e0a-8110-7479dad5261c___GH_HL Leaf 389.JPG
72057523424610198,/content/drive/MyDrive/Reco_Plantes_U/Tomato/2c47b891-3c97-48f1-a2cc-5aa53d3a1148___GHLB2 Leaf 9011_flipLR.JPG
72057523424610198,/content/drive/MyDrive/Reco_Plantes_U/Tomato/1a69b38b-c4eb-42c4-9584-bcb14fb8db0c___GHLB2 Leaf 9011_flipLR.JPG
1129811542026,/content/drive/MyDrive/Reco_Plantes_U/Tomato/2c47b891-3c97-48f1-a2cc-5aa53d3a1148___GHLB2 Leaf 9011.JPG
1129811542026,/content/drive/MyDrive/Reco_Plantes_U/Tomato/1a69b38b-c4eb-42c4-9584-bcb14fb8db0c___GHLB2 Leaf 9011.JPG
6808385936786192,/content/drive/MyDrive/Reco_Plantes_U/Tomato/5de6da85-f8c4-48c4-b463-3e6bd78884cc___GHLB_PS Leaf 24 Day 16_flipLR.jpg
6808385936786192,/content/drive/MyDrive/Reco_Plantes_U/Tomato/3fae9c64-18f0-4a67-9f97-554248bb1bed___GHLB_PS Leaf 24 Day 16_flipLR.jpg
17717062347158159,/content/drive/MyDrive/Reco_Plantes_U/Tomato/e20107e7-137f-400e-817f-5dc4c58e5d70___GHLB2 Leaf 8677.JPG
17717062347158159,/content/drive/MyDrive/Reco_Plantes_U/Tomato/5688ea99-c949-41d0-bbab-9cbf0ffb8bcd___GHLB2 Leaf 8677.JPG
56603118053970913,/content/drive/MyDrive/Reco_Plantes_U/Tomato/37aad83b-7ff8-4b35-b3ed-fb8e0f54910b___GH_HL Leaf 342.1.JPG
56603118053970913,/content/drive/MyDrive/Reco_Plantes_U/Tomato/e786ac89-29fe-47e3-b49e-b9a9ee7edd9d___GH_HL Leaf 342.1.JPG
65740955942683728,/content/drive/MyDrive/Reco_Plantes_U/Tomato/d6e6897a-5083-4914-9903-804c5684a956___GHLB2 Leaf 102.JPG
65740955942683728,/content/drive/MyDrive/Reco_Plantes_U/Tomato/d81682aa-746b-4e07-af2b-52ebb6f4c017___GHLB2 Leaf 102.JPG
2269805973571330,/content/drive/MyDrive/Reco_Plantes_U/Tomato/3fae9c64-18f0-4a67-9f97-554248bb1bed___GHLB_PS Leaf 24 Day 16.jpg
2269805973571330,/content/drive/MyDrive/Reco_Plantes_U/Tomato/5de6da85-f8c4-48c4-b463-3e6bd78884cc___GHLB_PS Leaf 24 Day 16.jpg
59024147696334960,/content/drive/MyDrive/Reco_Plantes_U/Tomato/f83e2dfd-ffd2-4da7-ba80-7a18bfdb9bc9___GCREC_Bact.Sp 3485.JPG
59024147696334960,/content/drive/MyDrive/Reco_Plantes_U/Tomato/3b41dc98-4539-4b3d-9400-2867156db0fc___GCREC_Bact.Sp 3483.JPG
6817454770864902,/content/drive/MyDrive/Reco_Plantes_U/Tomato/d82b634e-9a19-497b-b698-aaf100d622a1___GHLB_PS Leaf 24 Day 13.jpg
6817454770864902,/content/drive/MyDrive/Reco_Plantes_U/Tomato/861d8b00-57a4-46b0-b51a-09d102dbe119___GHLB_PS Leaf 24 Day 13.jpg
56638544568736848,/content/drive/MyDrive/Reco_Plantes_U/Tomato/9662364c-aaba-45e3-b907-10792d60578c___GH_HL Leaf 220.JPG
56638544568736848,/content/drive/MyDrive/Reco_Plantes_U/Tomato/d2ce7896-6fa4-45e6-96c5-d162da0e3e1c___GH_HL Leaf 220.JPG
27330718549030000,/content/drive/MyDrive/Reco_Plantes_U/Tomato/0b5cfce2-38fd-4984-8926-2d2911c48490___RS_HL 9733.JPG
27330718549030000,/content/drive/MyDrive/Reco_Plantes_U/Tomato/0b5cfce2-38fd-4984-8926-2d2911c48490___RS_HL 9733_newPixel25.JPG
71973100465241720,/content/drive/MyDrive/Reco_Plantes_U/Tomato/8b75624a-5775-4d44-a2e0-62243632b4a9___PSU_CG 2279.JPG
71973100465241720,/content/drive/MyDrive/Reco_Plantes_U/Tomato/8b75624a-5775-4d44-a2e0-62243632b4a9___PSU_CG 2279_newPixel25.JPG
67447575706179079,/content/drive/MyDrive/Reco_Plantes_U/Tomato/1af0bfe1-4bcf-4b8b-be66-5d0953eb647e___GH_HL Leaf 482.2.JPG
67447575706179079,/content/drive/MyDrive/Reco_Plantes_U/Tomato/cfd491d6-4af5-4728-8f0e-0d330a07174a___GH_HL Leaf 482.2.JPG
49874757559397464,/content/drive/MyDrive/Reco_Plantes_U/Tomato/2d6ecece-b67e-42f1-924b-3a5dbd95d5ef___RS_HL 0282.JPG
49874757559397464,/content/drive/MyDrive/Reco_Plantes_U/Tomato/2d6ecece-b67e-42f1-924b-3a5dbd95d5ef___RS_HL 0282_newPixel25.JPG
63455647043891248,/content/drive/MyDrive/Reco_Plantes_U/Tomato/3f8bc89a-03ec-4adb-a403-4176b7bb1057___Com.G_TgS_FL 1008.JPG
63455647043891248,/content/drive/MyDrive/Reco_Plantes_U/Tomato/3f8bc89a-03ec-4adb-a403-4176b7bb1057___Com.G_TgS_FL 1008_newPixel25.JPG
194548795127345,/content/drive/MyDrive/Reco_Plantes_U/Strawberry/03e9b07f-582d-4a76-9a9c-aeacc96e4284___RS_L.Scorch 0870.JPG
194548795127345,/content/drive/MyDrive/Reco_Plantes_U/Strawberry/aed8624d-676c-453f-a0af-cfee0fac55f9___RS_L.Scorch 0869.JPG
71941168083612217,/content/drive/MyDrive/Reco_Plantes_U/Strawberry/03e9b07f-582d-4a76-9a9c-aeacc96e4284___RS_L.Scorch 0870_flipLR.JPG
71941168083612217,/content/drive/MyDrive/Reco_Plantes_U/Strawberry/aed8624d-676c-453f-a0af-cfee0fac55f9___RS_L.Scorch 0869_flipLR.JPG
67739747079107088,/content/drive/MyDrive/Reco_Plantes_U/Potato/ec6e43d3-512d-4908-99f2-c9e2a0be54be___RS_HL 4202_newGGR.JPG
67739747079107088,/content/drive/MyDrive/Reco_Plantes_U/Potato/ec6e43d3-512d-4908-99f2-c9e2a0be54be___RS_HL 4202.JPG
54943098212924529,/content/drive/MyDrive/Reco_Plantes_U/Potato/77c75478-e1f0-4aaa-9cbc-af1fed928a74___RS_HL 1748_newGGR.JPG
54943098212924529,/content/drive/MyDrive/Reco_Plantes_U/Potato/77c75478-e1f0-4aaa-9cbc-af1fed928a74___RS_HL 1748.JPG
68592349527096499,/content/drive/MyDrive/Reco_Plantes_U/Potato/907f26b7-a14f-463f-a41e-f35d6e0f1417___RS_HL 1757.JPG
68592349527096499,/content/drive/MyDrive/Reco_Plantes_U/Potato/907f26b7-a14f-463f-a41e-f35d6e0f1417___RS_HL 1757_newGRR.JPG
68592349527096499,/content/drive/MyDrive/Reco_Plantes_U/Potato/907f26b7-a14f-463f-a41e-f35d6e0f1417___RS_HL 1757_newGGR.JPG
28573234846383355,/content/drive/MyDrive/Reco_Plantes_U/Potato/762672f4-17e6-4fd6-84f1-3bcb091b3ca5___RS_HL 5417_newGGR.JPG
28573234846383355,/content/drive/MyDrive/Reco_Plantes_U/Potato/762672f4-17e6-4fd6-84f1-3bcb091b3ca5___RS_HL 5417.JPG
58883470261786673,/content/drive/MyDrive/Reco_Plantes_U/Potato/00fc2ee5-729f-4757-8aeb-65c3355874f2___RS_HL 1864.JPG
58883470261786673,/content/drive/MyDrive/Reco_Plantes_U/Potato/00fc2ee5-729f-4757-8aeb-65c3355874f2___RS_HL 1864_newGRR.JPG
24993226122862612,/content/drive/MyDrive/Reco_Plantes_U/Potato/04481ca2-f94c-457e-b785-1ac05800b7ec___RS_HL 1930.JPG
24993226122862612,/content/drive/MyDrive/Reco_Plantes_U/Potato/04481ca2-f94c-457e-b785-1ac05800b7ec___RS_HL 1930_newGGR.JPG
9440632208268368,/content/drive/MyDrive/Reco_Plantes_U/Potato/20ac28d6-5708-4e31-8676-1b1979de094f___RS_HL 1735.JPG
9440632208268368,/content/drive/MyDrive/Reco_Plantes_U/Potato/20ac28d6-5708-4e31-8676-1b1979de094f___RS_HL 1735_newGRR.JPG
27978603658264438,/content/drive/MyDrive/Reco_Plantes_U/Potato/163ada72-4288-4f85-a3c1-feed23c8d1de___RS_HL 1940.JPG
27978603658264438,/content/drive/MyDrive/Reco_Plantes_U/Potato/163ada72-4288-4f85-a3c1-feed23c8d1de___RS_HL 1940_newGRR.JPG
32565875988633779,/content/drive/MyDrive/Reco_Plantes_U/Potato/5fcbde8f-52af-4963-b324-ff7f4dd6bd4c___RS_HL 1762.JPG
32565875988633779,/content/drive/MyDrive/Reco_Plantes_U/Potato/5fcbde8f-52af-4963-b324-ff7f4dd6bd4c___RS_HL 1762_newGRR.JPG
32565875988633779,/content/drive/MyDrive/Reco_Plantes_U/Potato/5fcbde8f-52af-4963-b324-ff7f4dd6bd4c___RS_HL 1762_newGGR.JPG
58356543111626110,/content/drive/MyDrive/Reco_Plantes_U/Potato/142fb983-2166-4a0f-b99b-a6c21e99987e___RS_HL 5398.JPG
58356543111626110,/content/drive/MyDrive/Reco_Plantes_U/Potato/142fb983-2166-4a0f-b99b-a6c21e99987e___RS_HL 5398_newGRR.JPG
58356543111626110,/content/drive/MyDrive/Reco_Plantes_U/Potato/142fb983-2166-4a0f-b99b-a6c21e99987e___RS_HL 5398_newGGR.JPG
36523034133114662,/content/drive/MyDrive/Reco_Plantes_U/Potato/38faf81d-c83b-42ca-b4c3-e3bbfa070589___RS_HL 1805.JPG
36523034133114662,/content/drive/MyDrive/Reco_Plantes_U/Potato/38faf81d-c83b-42ca-b4c3-e3bbfa070589___RS_HL 1805_newGGR.JPG
28370932812280763,/content/drive/MyDrive/Reco_Plantes_U/Potato/23f1ab77-d664-49c4-92eb-41eb66c6d101___RS_HL 4169.JPG
28370932812280763,/content/drive/MyDrive/Reco_Plantes_U/Potato/23f1ab77-d664-49c4-92eb-41eb66c6d101___RS_HL 4169_newGRR.JPG
58483732895285119,/content/drive/MyDrive/Reco_Plantes_U/Potato/5a3fc4bb-a78c-4276-8934-f0b037ffb860___RS_HL 5412.JPG
58483732895285119,/content/drive/MyDrive/Reco_Plantes_U/Potato/5a3fc4bb-a78c-4276-8934-f0b037ffb860___RS_HL 5412_newGRR.JPG
70257952687732850,/content/drive/MyDrive/Reco_Plantes_U/Potato/1f9870b3-899e-46fb-98c9-cfc2ce92895b___RS_HL 1816.JPG
70257952687732850,/content/drive/MyDrive/Reco_Plantes_U/Potato/1f9870b3-899e-46fb-98c9-cfc2ce92895b___RS_HL 1816_newGRR.JPG
70257952687732850,/content/drive/MyDrive/Reco_Plantes_U/Potato/1f9870b3-899e-46fb-98c9-cfc2ce92895b___RS_HL 1816_newGGR.JPG
54646706840350421,/content/drive/MyDrive/Reco_Plantes_U/Potato/30937333-8898-4634-8c00-af57d3020ba6___RS_HL 1922.JPG
54646706840350421,/content/drive/MyDrive/Reco_Plantes_U/Potato/30937333-8898-4634-8c00-af57d3020ba6___RS_HL 1922_newGGR.JPG
27499292274661460,/content/drive/MyDrive/Reco_Plantes_U/Potato/52dd2fdd-6966-450c-a42b-ee14428d4271___RS_HL 1955.JPG
27499292274661460,/content/drive/MyDrive/Reco_Plantes_U/Potato/52dd2fdd-6966-450c-a42b-ee14428d4271___RS_HL 1955_newGGR.JPG
27499292274661460,/content/drive/MyDrive/Reco_Plantes_U/Potato/52dd2fdd-6966-450c-a42b-ee14428d4271___RS_HL 1955_newGRR.JPG
54538855383830046,/content/drive/MyDrive/Reco_Plantes_U/Potato/58a98860-86d8-41e7-9f8c-cc2ca5e90012___RS_HL 1758.JPG
54538855383830046,/content/drive/MyDrive/Reco_Plantes_U/Potato/58a98860-86d8-41e7-9f8c-cc2ca5e90012___RS_HL 1758_newGRR.JPG
71463052605141110,/content/drive/MyDrive/Reco_Plantes_U/Potato/144d2475-21ab-4bdc-a67c-9672a9b711e6___RS_HL 5376.JPG
71463052605141110,/content/drive/MyDrive/Reco_Plantes_U/Potato/144d2475-21ab-4bdc-a67c-9672a9b711e6___RS_HL 5376_newGGR.JPG
65736725713019871,/content/drive/MyDrive/Reco_Plantes_U/Potato/170f1f57-0fd4-421f-9c82-3b1804be63ad___RS_HL 1771.JPG
65736725713019871,/content/drive/MyDrive/Reco_Plantes_U/Potato/170f1f57-0fd4-421f-9c82-3b1804be63ad___RS_HL 1771_newGGR.JPG
54413540464564996,/content/drive/MyDrive/Reco_Plantes_U/Potato/60e9a878-13e0-4345-964c-fd807cd20bbb___RS_HL 1876.JPG
54413540464564996,/content/drive/MyDrive/Reco_Plantes_U/Potato/60e9a878-13e0-4345-964c-fd807cd20bbb___RS_HL 1876_newGGR.JPG
31704450058366048,/content/drive/MyDrive/Reco_Plantes_U/Potato/07dfb451-4378-49d1-b699-33a5fc49ff07___RS_HL 5399.JPG
31704450058366048,/content/drive/MyDrive/Reco_Plantes_U/Potato/07dfb451-4378-49d1-b699-33a5fc49ff07___RS_HL 5399_newGGR.JPG
65744422286695504,/content/drive/MyDrive/Reco_Plantes_U/Potato/3c0d6888-c7e1-4cf8-9c25-9a0b8c62ba72___RS_HL 1780.JPG
65744422286695504,/content/drive/MyDrive/Reco_Plantes_U/Potato/3c0d6888-c7e1-4cf8-9c25-9a0b8c62ba72___RS_HL 1780_newGRR.JPG
64007953071316548,/content/drive/MyDrive/Reco_Plantes_U/Potato/30126310-39de-4c02-b10a-23409417a4f6___RS_HL 1826.JPG
64007953071316548,/content/drive/MyDrive/Reco_Plantes_U/Potato/30126310-39de-4c02-b10a-23409417a4f6___RS_HL 1826_newGRR.JPG
67873148222451940,/content/drive/MyDrive/Reco_Plantes_U/Potato/36bdc44c-96a4-40bb-86f7-63a91d706e96___RS_HL 4203.JPG
67873148222451940,/content/drive/MyDrive/Reco_Plantes_U/Potato/36bdc44c-96a4-40bb-86f7-63a91d706e96___RS_HL 4203_newGGR.JPG
54396844369981960,/content/drive/MyDrive/Reco_Plantes_U/Potato/57e24d88-fd01-4422-b8b5-d688d2296184___RS_HL 5401.JPG
54396844369981960,/content/drive/MyDrive/Reco_Plantes_U/Potato/57e24d88-fd01-4422-b8b5-d688d2296184___RS_HL 5401_newGGR.JPG
54396844369981960,/content/drive/MyDrive/Reco_Plantes_U/Potato/57e24d88-fd01-4422-b8b5-d688d2296184___RS_HL 5401_newGRR.JPG
28534815831493720,/content/drive/MyDrive/Reco_Plantes_U/Potato/5ea316eb-10a2-42c0-b781-40d90356ccaa___RS_HL 1935.JPG
28534815831493720,/content/drive/MyDrive/Reco_Plantes_U/Potato/5ea316eb-10a2-42c0-b781-40d90356ccaa___RS_HL 1935_newGGR.JPG
28048960486127680,/content/drive/MyDrive/Reco_Plantes_U/Potato/23f4d3b1-23f4-43fb-96c2-dae37224ec74___RS_HL 1803.JPG
28048960486127680,/content/drive/MyDrive/Reco_Plantes_U/Potato/23f4d3b1-23f4-43fb-96c2-dae37224ec74___RS_HL 1803_newGGR.JPG
36981337771392893,/content/drive/MyDrive/Reco_Plantes_U/Potato/111cd9d8-4d27-4225-be9e-d29b21cf56b9___RS_HL 5419.JPG
36981337771392893,/content/drive/MyDrive/Reco_Plantes_U/Potato/111cd9d8-4d27-4225-be9e-d29b21cf56b9___RS_HL 5419_newGRR.JPG
68094183983758457,/content/drive/MyDrive/Reco_Plantes_U/Potato/2dee1571-ef6b-40ef-8c46-334e89aad3f1___RS_HL 1950.JPG
68094183983758457,/content/drive/MyDrive/Reco_Plantes_U/Potato/2dee1571-ef6b-40ef-8c46-334e89aad3f1___RS_HL 1950_newGGR.JPG
70065104746917095,/content/drive/MyDrive/Reco_Plantes_U/Potato/413bc2e9-eb2a-48fd-ba65-48b5121fd85c___RS_HL 4200.JPG
70065104746917095,/content/drive/MyDrive/Reco_Plantes_U/Potato/413bc2e9-eb2a-48fd-ba65-48b5121fd85c___RS_HL 4200_newGGR.JPG
63739672255040778,/content/drive/MyDrive/Reco_Plantes_U/Potato/683b04ad-7941-4819-9965-ba32c725eb22___RS_HL 1861.JPG
63739672255040778,/content/drive/MyDrive/Reco_Plantes_U/Potato/683b04ad-7941-4819-9965-ba32c725eb22___RS_HL 1861_newGGR.JPG
69746542341468365,/content/drive/MyDrive/Reco_Plantes_U/Potato/43fd6ace-3712-494a-9aba-de5482d22561___RS_HL 1968.JPG
69746542341468365,/content/drive/MyDrive/Reco_Plantes_U/Potato/43fd6ace-3712-494a-9aba-de5482d22561___RS_HL 1968_newGGR.JPG
64957103841482818,/content/drive/MyDrive/Reco_Plantes_U/Potato/7e6c8297-dfe1-4826-826e-01d696cc263b___RS_HL 1863.JPG
64957103841482818,/content/drive/MyDrive/Reco_Plantes_U/Potato/7e6c8297-dfe1-4826-826e-01d696cc263b___RS_HL 1863_newGGR.JPG
63915119013015123,/content/drive/MyDrive/Reco_Plantes_U/Potato/7e7b6ab4-9adb-4a3b-abfb-8716b0039879___RS_HL 1921.JPG
63915119013015123,/content/drive/MyDrive/Reco_Plantes_U/Potato/7e7b6ab4-9adb-4a3b-abfb-8716b0039879___RS_HL 1921_newGRR.JPG
63915119013015123,/content/drive/MyDrive/Reco_Plantes_U/Potato/7e7b6ab4-9adb-4a3b-abfb-8716b0039879___RS_HL 1921_newGGR.JPG
63437907831765112,/content/drive/MyDrive/Reco_Plantes_U/Potato/7bfda067-6e35-4af5-a9c4-4b3b5f357871___RS_HL 1813.JPG
63437907831765112,/content/drive/MyDrive/Reco_Plantes_U/Potato/7bfda067-6e35-4af5-a9c4-4b3b5f357871___RS_HL 1813_newGGR.JPG
64001134881357400,/content/drive/MyDrive/Reco_Plantes_U/Potato/799b10e8-ba67-4e08-9abe-748789572ad1___RS_HL 1881.JPG
64001134881357400,/content/drive/MyDrive/Reco_Plantes_U/Potato/799b10e8-ba67-4e08-9abe-748789572ad1___RS_HL 1881_newGGR.JPG
10100547232960012,/content/drive/MyDrive/Reco_Plantes_U/Potato/c9ad5c9a-c9b0-4e07-9e03-9e9edfd58a19___RS_HL 1755.JPG
10100547232960012,/content/drive/MyDrive/Reco_Plantes_U/Potato/c9ad5c9a-c9b0-4e07-9e03-9e9edfd58a19___RS_HL 1755_newGGR.JPG
14288248563603507,/content/drive/MyDrive/Reco_Plantes_U/Potato/882798ca-67c3-45a3-86cf-4aed69388145___RS_HL 1750.JPG
14288248563603507,/content/drive/MyDrive/Reco_Plantes_U/Potato/882798ca-67c3-45a3-86cf-4aed69388145___RS_HL 1750_newGGR.JPG
54344880613792012,/content/drive/MyDrive/Reco_Plantes_U/Potato/d50a580b-46bd-47f5-a0bf-8535da774104___RS_HL 5408.JPG
54344880613792012,/content/drive/MyDrive/Reco_Plantes_U/Potato/d50a580b-46bd-47f5-a0bf-8535da774104___RS_HL 5408_newGGR.JPG
28097146881913075,/content/drive/MyDrive/Reco_Plantes_U/Potato/f4b5ec24-d318-4309-8294-9126450d5d7f___RS_HL 1824.JPG
28097146881913075,/content/drive/MyDrive/Reco_Plantes_U/Potato/f4b5ec24-d318-4309-8294-9126450d5d7f___RS_HL 1824_newGGR.JPG
13724725885538304,/content/drive/MyDrive/Reco_Plantes_U/Potato/ee052892-e935-4fbb-9344-4d23c57c6890___RS_HL 5400.JPG
13724725885538304,/content/drive/MyDrive/Reco_Plantes_U/Potato/ee052892-e935-4fbb-9344-4d23c57c6890___RS_HL 5400_newGGR.JPG
10082745975315593,/content/drive/MyDrive/Reco_Plantes_U/Potato/bf2bffbb-cd8f-4d36-bd58-847808397c75___RS_HL 1786.JPG
10082745975315593,/content/drive/MyDrive/Reco_Plantes_U/Potato/bf2bffbb-cd8f-4d36-bd58-847808397c75___RS_HL 1786_newGGR.JPG
7269166845147160,/content/drive/MyDrive/Reco_Plantes_U/Potato/f30983c0-6e20-43cc-8672-4622ca34c830___RS_HL 1949.JPG
7269166845147160,/content/drive/MyDrive/Reco_Plantes_U/Potato/f30983c0-6e20-43cc-8672-4622ca34c830___RS_HL 1949_newGRR.JPG
7269166845147160,/content/drive/MyDrive/Reco_Plantes_U/Potato/f30983c0-6e20-43cc-8672-4622ca34c830___RS_HL 1949_newGGR.JPG
13758975725878499,/content/drive/MyDrive/Reco_Plantes_U/Potato/f0fdde26-78b4-46f0-9eb8-7c2a743d34aa___RS_HL 4165.JPG
13758975725878499,/content/drive/MyDrive/Reco_Plantes_U/Potato/f0fdde26-78b4-46f0-9eb8-7c2a743d34aa___RS_HL 4165_newGRR.JPG
54996216719685660,/content/drive/MyDrive/Reco_Plantes_U/Potato/de9a8669-d437-40f0-aa56-fe2d8276a1e0___RS_HL 1910.JPG
54996216719685660,/content/drive/MyDrive/Reco_Plantes_U/Potato/de9a8669-d437-40f0-aa56-fe2d8276a1e0___RS_HL 1910_newGGR.JPG
71990682383300851,/content/drive/MyDrive/Reco_Plantes_U/Potato/bb04f738-1848-4dda-8834-384a48b335cd___RS_HL 1765.JPG
71990682383300851,/content/drive/MyDrive/Reco_Plantes_U/Potato/bb04f738-1848-4dda-8834-384a48b335cd___RS_HL 1765_newGRR.JPG
70583235785106627,/content/drive/MyDrive/Reco_Plantes_U/Potato/9c620128-2872-4bbb-bc14-d5b785242cf6___RS_HL 1751.JPG
70583235785106627,/content/drive/MyDrive/Reco_Plantes_U/Potato/9c620128-2872-4bbb-bc14-d5b785242cf6___RS_HL 1751_newGGR.JPG
64020527737354269,/content/drive/MyDrive/Reco_Plantes_U/Potato/d325e580-5faa-4aea-927d-2700f52cc343___RS_HL 1872.JPG
64020527737354269,/content/drive/MyDrive/Reco_Plantes_U/Potato/d325e580-5faa-4aea-927d-2700f52cc343___RS_HL 1872_newGGR.JPG
49406713878347132,/content/drive/MyDrive/Reco_Plantes_U/Potato/9b5be0c5-7d7e-493d-88ba-c721c85f73ca___RS_HL 5405.JPG
49406713878347132,/content/drive/MyDrive/Reco_Plantes_U/Potato/9b5be0c5-7d7e-493d-88ba-c721c85f73ca___RS_HL 5405_newGGR.JPG
27974743950310449,/content/drive/MyDrive/Reco_Plantes_U/Potato/9d7d1bb9-1b10-4a8f-a961-e404b9d5acf8___RS_HL 1960.JPG
27974743950310449,/content/drive/MyDrive/Reco_Plantes_U/Potato/9d7d1bb9-1b10-4a8f-a961-e404b9d5acf8___RS_HL 1960_newGGR.JPG
32563344167018959,/content/drive/MyDrive/Reco_Plantes_U/Potato/d340704d-cc00-4068-bb8a-ae70840b7bfa___RS_HL 1773.JPG
32563344167018959,/content/drive/MyDrive/Reco_Plantes_U/Potato/d340704d-cc00-4068-bb8a-ae70840b7bfa___RS_HL 1773_newGGR.JPG
5281179462080544,/content/drive/MyDrive/Reco_Plantes_U/Potato/b28c43f9-5844-4e9b-86bf-36bc114cae07___RS_HL 1736.JPG
5281179462080544,/content/drive/MyDrive/Reco_Plantes_U/Potato/b28c43f9-5844-4e9b-86bf-36bc114cae07___RS_HL 1736_newGGR.JPG
69703766380190971,/content/drive/MyDrive/Reco_Plantes_U/Potato/dbe4f332-9189-4b76-b30c-f0c9a55e48d3___RS_HL 1841.JPG
69703766380190971,/content/drive/MyDrive/Reco_Plantes_U/Potato/dbe4f332-9189-4b76-b30c-f0c9a55e48d3___RS_HL 1841_newGRR.JPG
58882583976155184,/content/drive/MyDrive/Reco_Plantes_U/Potato/9a6eb7c4-6b43-477a-89e0-69f62ef67991___RS_HL 1846.JPG
58882583976155184,/content/drive/MyDrive/Reco_Plantes_U/Potato/9a6eb7c4-6b43-477a-89e0-69f62ef67991___RS_HL 1846_newGGR.JPG
11929246366210064,/content/drive/MyDrive/Reco_Plantes_U/Potato/b4031970-60ea-4739-9fed-6c81be1bad1c___RS_HL 1752.JPG
11929246366210064,/content/drive/MyDrive/Reco_Plantes_U/Potato/b4031970-60ea-4739-9fed-6c81be1bad1c___RS_HL 1752_newGGR.JPG
34889663946406132,/content/drive/MyDrive/Reco_Plantes_U/Potato/923d4cc3-021a-4bcd-9f5f-1d6f69e4ad33___RS_HL 1888.JPG
34889663946406132,/content/drive/MyDrive/Reco_Plantes_U/Potato/923d4cc3-021a-4bcd-9f5f-1d6f69e4ad33___RS_HL 1888_newGGR.JPG
59587433434544539,/content/drive/MyDrive/Reco_Plantes_U/Potato/f0036dfd-9f46-4f2f-9001-5973495f2171___RS_HL 1849.JPG
59587433434544539,/content/drive/MyDrive/Reco_Plantes_U/Potato/f0036dfd-9f46-4f2f-9001-5973495f2171___RS_HL 1849_newGGR.JPG
13769699021235296,/content/drive/MyDrive/Reco_Plantes_U/Potato/c85bacb0-e5e8-4127-a0b0-a7342f2cab5f___RS_HL 5406.JPG
13769699021235296,/content/drive/MyDrive/Reco_Plantes_U/Potato/c85bacb0-e5e8-4127-a0b0-a7342f2cab5f___RS_HL 5406_newGGR.JPG
14860025729659111,/content/drive/MyDrive/Reco_Plantes_U/Potato/875d6ded-5f01-495c-a945-ad2e17f87f91___RS_HL 1848.JPG
14860025729659111,/content/drive/MyDrive/Reco_Plantes_U/Potato/875d6ded-5f01-495c-a945-ad2e17f87f91___RS_HL 1848_newGGR.JPG
14860025729659111,/content/drive/MyDrive/Reco_Plantes_U/Potato/875d6ded-5f01-495c-a945-ad2e17f87f91___RS_HL 1848_newGRR.JPG
71366238127940039,/content/drive/MyDrive/Reco_Plantes_U/Potato/a3ec91aa-8503-4711-a912-0d1427e25686___RS_HL 5409.JPG
71366238127940039,/content/drive/MyDrive/Reco_Plantes_U/Potato/a3ec91aa-8503-4711-a912-0d1427e25686___RS_HL 5409_newGGR.JPG
71463645650695395,/content/drive/MyDrive/Reco_Plantes_U/Potato/e34e563f-7a4a-4b44-bdf2-b6f96cbcd929___RS_HL 5370.JPG
71463645650695395,/content/drive/MyDrive/Reco_Plantes_U/Potato/e34e563f-7a4a-4b44-bdf2-b6f96cbcd929___RS_HL 5370_newGGR.JPG
71463645650695395,/content/drive/MyDrive/Reco_Plantes_U/Potato/e34e563f-7a4a-4b44-bdf2-b6f96cbcd929___RS_HL 5370_newGRR.JPG
55136822746529662,/content/drive/MyDrive/Reco_Plantes_U/Potato/bb328d40-e4e6-4b84-a92a-e7cb3922c19d___RS_HL 1829.JPG
55136822746529662,/content/drive/MyDrive/Reco_Plantes_U/Potato/bb328d40-e4e6-4b84-a92a-e7cb3922c19d___RS_HL 1829_newGGR.JPG
35130621518491823,/content/drive/MyDrive/Reco_Plantes_U/Potato/c3caa84b-6078-4489-80ac-919d92d25ff7___RS_HL 1772.JPG
35130621518491823,/content/drive/MyDrive/Reco_Plantes_U/Potato/c3caa84b-6078-4489-80ac-919d92d25ff7___RS_HL 1772_newGGR.JPG
35130621518491823,/content/drive/MyDrive/Reco_Plantes_U/Potato/c3caa84b-6078-4489-80ac-919d92d25ff7___RS_HL 1772_newGRR.JPG
64110211381541937,/content/drive/MyDrive/Reco_Plantes_U/Potato/d287be3d-cac6-4485-8c31-674fb8b459be___RS_HL 1973.JPG
64110211381541937,/content/drive/MyDrive/Reco_Plantes_U/Potato/d287be3d-cac6-4485-8c31-674fb8b459be___RS_HL 1973_newGGR.JPG
54947496517606515,/content/drive/MyDrive/Reco_Plantes_U/Potato/f5bd2732-197b-4d8e-bb50-a4966dc416f5___RS_HL 1840.JPG
54947496517606515,/content/drive/MyDrive/Reco_Plantes_U/Potato/f5bd2732-197b-4d8e-bb50-a4966dc416f5___RS_HL 1840_newGGR.JPG
29724662453254387,/content/drive/MyDrive/Reco_Plantes_U/Potato/c6abf1da-b06f-4cd2-8af6-d68be5eff6f9___RS_HL 1766_newGRR.JPG
29724662453254387,/content/drive/MyDrive/Reco_Plantes_U/Potato/c6abf1da-b06f-4cd2-8af6-d68be5eff6f9___RS_HL 1766_newGGR.JPG
58467439404202211,/content/drive/MyDrive/Reco_Plantes_U/Potato/b0fe9fe9-52e7-40e4-b4c0-769f1a0c7fb9___RS_HL 4175_newGGR.JPG
58467439404202211,/content/drive/MyDrive/Reco_Plantes_U/Potato/b0fe9fe9-52e7-40e4-b4c0-769f1a0c7fb9___RS_HL 4175_newGRR.JPG
35741811229228543,/content/drive/MyDrive/Reco_Plantes_U/Apple/669c0bde-c75a-4495-92ea-e7d6be6de1bc___FREC_C.Rust 4410_newGRR.JPG
35741811229228543,/content/drive/MyDrive/Reco_Plantes_U/Apple/669c0bde-c75a-4495-92ea-e7d6be6de1bc___FREC_C.Rust 4410.JPG
545325060,/content/drive/MyDrive/Reco_Plantes_U/Apple/d79cfdd6-fa8a-4a96-aa90-3c347bb9c800___FREC_C.Rust 4125.JPG
545325060,/content/drive/MyDrive/Reco_Plantes_U/Apple/d79cfdd6-fa8a-4a96-aa90-3c347bb9c800___FREC_C.Rust 4125_newGRR.JPG
68085629892830208,/content/drive/MyDrive/Reco_Plantes_U/Apple/2dd8a8e6-8774-49a9-a712-9fa6b9ef21f3___FREC_C.Rust 3594_newPixel25.JPG
68085629892830208,/content/drive/MyDrive/Reco_Plantes_U/Apple/2dd8a8e6-8774-49a9-a712-9fa6b9ef21f3___FREC_C.Rust 3594_newGRR.JPG
9007749549563904,/content/drive/MyDrive/Reco_Plantes_U/Apple/70190de6-c93f-4b1e-9c6d-19b0b424f42f___FREC_C.Rust 4315.JPG
9007749549563904,/content/drive/MyDrive/Reco_Plantes_U/Apple/70190de6-c93f-4b1e-9c6d-19b0b424f42f___FREC_C.Rust 4315_newGRR.JPG
36313044549844508,/content/drive/MyDrive/Reco_Plantes_U/Apple/f2cda910-55c7-46d7-b1a2-9a3bb9792148___RS_HL 6274_flipTB.JPG
36313044549844508,/content/drive/MyDrive/Reco_Plantes_U/Apple/fdbfa6f7-f887-442d-8df1-1f0cf839fc4d___RS_HL 6274_flipTB.JPG
4611106108151808,/content/drive/MyDrive/Reco_Plantes_U/Apple/064b14b5-af1b-4bcf-afe7-a061e5669dbb___FREC_C.Rust 9839.JPG
4611106108151808,/content/drive/MyDrive/Reco_Plantes_U/Apple/064b14b5-af1b-4bcf-afe7-a061e5669dbb___FREC_C.Rust 9839_newGRR.JPG
17532393335926951,/content/drive/MyDrive/Reco_Plantes_U/Apple/9e83b384-97cc-4b00-a283-cbed301e876a___FREC_C.Rust 4052.JPG
17532393335926951,/content/drive/MyDrive/Reco_Plantes_U/Apple/9e83b384-97cc-4b00-a283-cbed301e876a___FREC_C.Rust 4052_newGRR.JPG
66924828133637208,/content/drive/MyDrive/Reco_Plantes_U/Apple/0a41c25a-f9a6-4c34-8e5c-7f89a6ac4c40___FREC_C.Rust 9807_newGRR.JPG
66924828133637208,/content/drive/MyDrive/Reco_Plantes_U/Apple/0a41c25a-f9a6-4c34-8e5c-7f89a6ac4c40___FREC_C.Rust 9807.JPG
249612930918464,/content/drive/MyDrive/Reco_Plantes_U/Apple/14896dc0-688d-456f-b5ec-a037695b0193___RS_HL 6268.JPG
249612930918464,/content/drive/MyDrive/Reco_Plantes_U/Apple/c21cf428-bfc3-4710-b5d2-69d1c0e94748___RS_HL 6268.JPG
13742960337760332,/content/drive/MyDrive/Reco_Plantes_U/Apple/acb21cc2-8d65-4880-a7bb-dcc1eab1564b___RS_HL 6272.JPG
13742960337760332,/content/drive/MyDrive/Reco_Plantes_U/Apple/3d075f90-7002-4c45-abc0-4f35ee49aa79___RS_HL 6272.JPG
54485225175527440,/content/drive/MyDrive/Reco_Plantes_U/Apple/b401cded-e2cb-4907-b475-5373142735d9___FREC_C.Rust 3766.JPG
54485225175527440,/content/drive/MyDrive/Reco_Plantes_U/Apple/b401cded-e2cb-4907-b475-5373142735d9___FREC_C.Rust 3766_newPixel25.JPG
68040517221293660,/content/drive/MyDrive/Reco_Plantes_U/Apple/f0d04e6e-18c3-4c74-a56c-609b5035f358___FREC_C.Rust 4231.JPG
68040517221293660,/content/drive/MyDrive/Reco_Plantes_U/Apple/f0d04e6e-18c3-4c74-a56c-609b5035f358___FREC_C.Rust 4231_newGRR.JPG
25107787391963148,/content/drive/MyDrive/Reco_Plantes_U/Apple/85eb91f6-f8f0-438e-afbc-ca12551ee404___FREC_C.Rust 9884.JPG
25107787391963148,/content/drive/MyDrive/Reco_Plantes_U/Apple/85eb91f6-f8f0-438e-afbc-ca12551ee404___FREC_C.Rust 9884_newGRR.JPG
17730655790030479,/content/drive/MyDrive/Reco_Plantes_U/Apple/9dad463d-4f26-4fa5-b500-7b85613dbf46___FREC_C.Rust 9824_new30degFlipLR.JPG
17730655790030479,/content/drive/MyDrive/Reco_Plantes_U/Apple/5367e167-14f3-4d65-bd93-4c4b693e0bc7___FREC_C.Rust 4109_new30degFlipTB.JPG
67996434260586528,/content/drive/MyDrive/Reco_Plantes_U/Apple/3673d121-b5de-481c-b057-d4ee5b4959b1___RS_HL 6269.JPG
67996434260586528,/content/drive/MyDrive/Reco_Plantes_U/Apple/1ab5e019-e5f0-4d8e-a252-94cb0aab8b0a___RS_HL 6269.JPG
32267532242653330,/content/drive/MyDrive/Reco_Plantes_U/Apple/3e123b1b-a57d-4689-8211-e270c19fd4a9___FREC_C.Rust 9962.JPG
32267532242653330,/content/drive/MyDrive/Reco_Plantes_U/Apple/3e123b1b-a57d-4689-8211-e270c19fd4a9___FREC_C.Rust 9962_newGRR.JPG
9450185580427384,/content/drive/MyDrive/Reco_Plantes_U/Apple/ced4e27a-5eff-4190-a33a-cdc3d84c811e___RS_HL 6270_flipTB.JPG
9450185580427384,/content/drive/MyDrive/Reco_Plantes_U/Apple/dc18b924-f172-445d-8fed-61445d437aaa___RS_HL 6270_flipTB.JPG
69457826385172531,/content/drive/MyDrive/Reco_Plantes_U/Apple/3762c9a3-83db-44b7-88be-07c048ad293b___FREC_C.Rust 9945_newGRR.JPG
69457826385172531,/content/drive/MyDrive/Reco_Plantes_U/Apple/3762c9a3-83db-44b7-88be-07c048ad293b___FREC_C.Rust 9945.JPG
36383411179887616,/content/drive/MyDrive/Reco_Plantes_U/Apple/c21cf428-bfc3-4710-b5d2-69d1c0e94748___RS_HL 6268_flipTB.JPG
36383411179887616,/content/drive/MyDrive/Reco_Plantes_U/Apple/14896dc0-688d-456f-b5ec-a037695b0193___RS_HL 6268_flipTB.JPG
64127049339287795,/content/drive/MyDrive/Reco_Plantes_U/Apple/d5839d69-9c98-4ea7-811b-03b40e7fc991___FREC_C.Rust 3869_newGRR.JPG
64127049339287795,/content/drive/MyDrive/Reco_Plantes_U/Apple/d5839d69-9c98-4ea7-811b-03b40e7fc991___FREC_C.Rust 3869.JPG
18510778287832446,/content/drive/MyDrive/Reco_Plantes_U/Apple/68a4878f-c220-49ff-a858-5b026e56e7b0___FREC_C.Rust 9844_newGRR.JPG
18510778287832446,/content/drive/MyDrive/Reco_Plantes_U/Apple/68a4878f-c220-49ff-a858-5b026e56e7b0___FREC_C.Rust 9844.JPG
4085785209356419,/content/drive/MyDrive/Reco_Plantes_U/Apple/5367e167-14f3-4d65-bd93-4c4b693e0bc7___FREC_C.Rust 4109_new30degFlipLR.JPG
4085785209356419,/content/drive/MyDrive/Reco_Plantes_U/Apple/9dad463d-4f26-4fa5-b500-7b85613dbf46___FREC_C.Rust 9824_new30degFlipTB.JPG
63546291715637760,/content/drive/MyDrive/Reco_Plantes_U/Apple/d64bd246-5ab0-4b1e-b522-3f69668214d1___FREC_C.Rust 4290.JPG
63546291715637760,/content/drive/MyDrive/Reco_Plantes_U/Apple/d64bd246-5ab0-4b1e-b522-3f69668214d1___FREC_C.Rust 4290_newGRR.JPG
549755830662,/content/drive/MyDrive/Reco_Plantes_U/Apple/7e32ce27-bc89-4fca-9f49-c50de91210d1___FREC_C.Rust 4425_newGRR.JPG
549755830662,/content/drive/MyDrive/Reco_Plantes_U/Apple/7e32ce27-bc89-4fca-9f49-c50de91210d1___FREC_C.Rust 4425.JPG
72057520441433275,/content/drive/MyDrive/Reco_Plantes_U/Apple/5b0cb1a1-e3ef-4503-8833-a8b013ab6e92___FREC_C.Rust 3599.JPG
72057520441433275,/content/drive/MyDrive/Reco_Plantes_U/Apple/5b0cb1a1-e3ef-4503-8833-a8b013ab6e92___FREC_C.Rust 3599_newGRR.JPG
9098616778790912,/content/drive/MyDrive/Reco_Plantes_U/Apple/9ace7aaf-8950-43b5-bafb-2c63f8839c20___FREC_C.Rust 9867_newPixel25.JPG
9098616778790912,/content/drive/MyDrive/Reco_Plantes_U/Apple/9ace7aaf-8950-43b5-bafb-2c63f8839c20___FREC_C.Rust 9867.JPG
35975872445495320,/content/drive/MyDrive/Reco_Plantes_U/Apple/60ecab05-90df-45d5-8a50-edb8635aac87___FREC_C.Rust 4155_newGRR.JPG
35975872445495320,/content/drive/MyDrive/Reco_Plantes_U/Apple/60ecab05-90df-45d5-8a50-edb8635aac87___FREC_C.Rust 4155.JPG
27780697181038985,/content/drive/MyDrive/Reco_Plantes_U/Apple/96bec7bd-9c12-4284-a298-d20379abb4a2___FREC_C.Rust 3815_newGRR.JPG
27780697181038985,/content/drive/MyDrive/Reco_Plantes_U/Apple/96bec7bd-9c12-4284-a298-d20379abb4a2___FREC_C.Rust 3815.JPG
60276275339131903,/content/drive/MyDrive/Reco_Plantes_U/Apple/1ec3e679-2b1e-4243-9e62-67f8f04314b3___FREC_C.Rust 4328.JPG
60276275339131903,/content/drive/MyDrive/Reco_Plantes_U/Apple/1ec3e679-2b1e-4243-9e62-67f8f04314b3___FREC_C.Rust 4328_newGRR.JPG
59553430516938872,/content/drive/MyDrive/Reco_Plantes_U/Apple/9b75de13-d4b0-4b3f-988c-3e9926eef957___RS_HL 6273.JPG
59553430516938872,/content/drive/MyDrive/Reco_Plantes_U/Apple/5192db55-4aa7-421c-92d4-c2dac79e7379___RS_HL 6273.JPG
9468059120578624,/content/drive/MyDrive/Reco_Plantes_U/Apple/aa87fd23-a302-4e4e-80e7-18a261b17fd5___FREC_C.Rust 9989.JPG
9468059120578624,/content/drive/MyDrive/Reco_Plantes_U/Apple/aa87fd23-a302-4e4e-80e7-18a261b17fd5___FREC_C.Rust 9989_newGRR.JPG
29769435314863128,/content/drive/MyDrive/Reco_Plantes_U/Apple/a3bfb6c7-1f1e-407a-a2cf-40b316896185___FREC_C.Rust 9819.JPG
29769435314863128,/content/drive/MyDrive/Reco_Plantes_U/Apple/a3bfb6c7-1f1e-407a-a2cf-40b316896185___FREC_C.Rust 9819_newGRR.JPG
214559572243472,/content/drive/MyDrive/Reco_Plantes_U/Apple/fcf12448-e50c-45a6-a70c-ea8a60ebb6ac___FREC_C.Rust 0204.JPG
214559572243472,/content/drive/MyDrive/Reco_Plantes_U/Apple/fcf12448-e50c-45a6-a70c-ea8a60ebb6ac___FREC_C.Rust 0204_newGRR.JPG
68049484547306000,/content/drive/MyDrive/Reco_Plantes_U/Apple/ced4e27a-5eff-4190-a33a-cdc3d84c811e___RS_HL 6270.JPG
68049484547306000,/content/drive/MyDrive/Reco_Plantes_U/Apple/dc18b924-f172-445d-8fed-61445d437aaa___RS_HL 6270.JPG
8576995561494431,/content/drive/MyDrive/Reco_Plantes_U/Apple/c1d81b03-9e29-4f99-813b-1a9578defbc8___FREC_C.Rust 3942_newGRR.JPG
8576995561494431,/content/drive/MyDrive/Reco_Plantes_U/Apple/c1d81b03-9e29-4f99-813b-1a9578defbc8___FREC_C.Rust 3942.JPG
16311686828138560,/content/drive/MyDrive/Reco_Plantes_U/Apple/fdbfa6f7-f887-442d-8df1-1f0cf839fc4d___RS_HL 6274.JPG
16311686828138560,/content/drive/MyDrive/Reco_Plantes_U/Apple/f2cda910-55c7-46d7-b1a2-9a3bb9792148___RS_HL 6274.JPG
2291659283038720,/content/drive/MyDrive/Reco_Plantes_U/Apple/84eda310-5cbd-4de7-949d-471213cd0016___FREC_C.Rust 3679.JPG
2291659283038720,/content/drive/MyDrive/Reco_Plantes_U/Apple/84eda310-5cbd-4de7-949d-471213cd0016___FREC_C.Rust 3679_newGRR.JPG
71995915881094751,/content/drive/MyDrive/Reco_Plantes_U/Apple/4ddf4752-f02c-40ae-a2a8-19095f07137d___FREC_C.Rust 3733.JPG
71995915881094751,/content/drive/MyDrive/Reco_Plantes_U/Apple/4ddf4752-f02c-40ae-a2a8-19095f07137d___FREC_C.Rust 3733_newGRR.JPG
71479119976673632,/content/drive/MyDrive/Reco_Plantes_U/Apple/2ddde539-6c5f-4d76-8611-14761bb240de___FREC_C.Rust 3564.JPG
71479119976673632,/content/drive/MyDrive/Reco_Plantes_U/Apple/2ddde539-6c5f-4d76-8611-14761bb240de___FREC_C.Rust 3564_newGRR.JPG
1338273932557951,/content/drive/MyDrive/Reco_Plantes_U/Apple/bdf1ac66-9dd3-4590-8e49-ee0e754a69f5___FREC_C.Rust 0151_newGRR.JPG
1338273932557951,/content/drive/MyDrive/Reco_Plantes_U/Apple/bdf1ac66-9dd3-4590-8e49-ee0e754a69f5___FREC_C.Rust 0151.JPG
44947066809235568,/content/drive/MyDrive/Reco_Plantes_U/Apple/a523f082-e20a-40a4-b91a-6806b3794f29___FREC_C.Rust 3965.JPG
44947066809235568,/content/drive/MyDrive/Reco_Plantes_U/Apple/a523f082-e20a-40a4-b91a-6806b3794f29___FREC_C.Rust 3965_newGRR.JPG
71472337326313711,/content/drive/MyDrive/Reco_Plantes_U/Apple/13298d36-4425-437d-ae8e-c7d70e200084___RS_HL 6271.JPG
71472337326313711,/content/drive/MyDrive/Reco_Plantes_U/Apple/11beda66-01e9-4bfd-be37-c0f8646d1478___RS_HL 6271.JPG
54575248806058143,/content/drive/MyDrive/Reco_Plantes_U/Apple/3dc7b8db-79dd-4206-b3f0-7091d28475b2___FREC_C.Rust 0079.JPG
54575248806058143,/content/drive/MyDrive/Reco_Plantes_U/Apple/3dc7b8db-79dd-4206-b3f0-7091d28475b2___FREC_C.Rust 0079_newGRR.JPG
64117042631744536,/content/drive/MyDrive/Reco_Plantes_U/Raspberry/168f4f5b-4a8a-4fec-a0fa-a54e182d7b00___Mary_HL 9198.JPG
64117042631744536,/content/drive/MyDrive/Reco_Plantes_U/Raspberry/168f4f5b-4a8a-4fec-a0fa-a54e182d7b00___Mary_HL 9198_newPixel25.JPG
36313596502476546,/content/drive/MyDrive/Reco_Plantes_U/Raspberry/171d7187-e001-4e08-b98d-58a9c8d90734___Mary_HL 9352.JPG
36313596502476546,/content/drive/MyDrive/Reco_Plantes_U/Raspberry/171d7187-e001-4e08-b98d-58a9c8d90734___Mary_HL 9352_newPixel25.JPG
63492556492577808,/content/drive/MyDrive/Reco_Plantes_U/Raspberry/d4bc27bd-8dde-4bf7-981c-e9ebd073660b___Mary_HL 9214.JPG
63492556492577808,/content/drive/MyDrive/Reco_Plantes_U/Raspberry/d4bc27bd-8dde-4bf7-981c-e9ebd073660b___Mary_HL 9214_newPixel25.JPG
59006558727413260,/content/drive/MyDrive/Reco_Plantes_U/Raspberry/7fdeb60a-15db-4759-858a-e1118bad583a___Mary_HL 9194.JPG
59006558727413260,/content/drive/MyDrive/Reco_Plantes_U/Raspberry/7fdeb60a-15db-4759-858a-e1118bad583a___Mary_HL 9194_newPixel25.JPG
62261377830259724,/content/drive/MyDrive/Reco_Plantes_U/Pepper_bell/2e9037ac-b030-4837-bf2f-56b89c4b66bf___JR_HL 7603_newPixel25.JPG
62261377830259724,/content/drive/MyDrive/Reco_Plantes_U/Pepper_bell/2e9037ac-b030-4837-bf2f-56b89c4b66bf___JR_HL 7603.JPG
283700513181196,/content/drive/MyDrive/Reco_Plantes_U/Peach/88c99fc8-161d-4fb2-83d8-319e55866887___Rutg._HL 3579_newPixel25.JPG
283700513181196,/content/drive/MyDrive/Reco_Plantes_U/Peach/88c99fc8-161d-4fb2-83d8-319e55866887___Rutg._HL 3579.JPG
68630645686482555,/content/drive/MyDrive/Reco_Plantes_U/Blueberry/1ab59260-80f5-457f-82c6-4f0919f3a685___RS_HL 5421_newPixel25.JPG
68630645686482555,/content/drive/MyDrive/Reco_Plantes_U/Blueberry/1ab59260-80f5-457f-82c6-4f0919f3a685___RS_HL 5421.JPG
31859799554989592,/content/drive/MyDrive/Reco_Plantes_U/Soybean/0077d9d2-1a29-4b39-a992-125a5a676ae7___RS_HL 5815.JPG
31859799554989592,/content/drive/MyDrive/Reco_Plantes_U/Soybean/041e24bf-c886-48f3-848c-2207a78d667c___RS_HL 5813.JPG
21726578141667862,/content/drive/MyDrive/Reco_Plantes_U/Sugar_beet/204.png
21726578141667862,/content/drive/MyDrive/Reco_Plantes_U/Sugar_beet/205.png
23878796827604291,/content/drive/MyDrive/Reco_Plantes_U/Common_Chickweed/307.png
23878796827604291,/content/drive/MyDrive/Reco_Plantes_U/Common_Chickweed/352.png
39018235568960116,/content/drive/MyDrive/Reco_Plantes_U/Common_Chickweed/306.png
39018235568960116,/content/drive/MyDrive/Reco_Plantes_U/Common_Chickweed/350.png
27119116264592318,/content/drive/MyDrive/Reco_Plantes_U/Common_Chickweed/335.png
27119116264592318,/content/drive/MyDrive/Reco_Plantes_U/Common_Chickweed/381.png
6780891504371329,/content/drive/MyDrive/Reco_Plantes_U/Common_Chickweed/345.png
6780891504371329,/content/drive/MyDrive/Reco_Plantes_U/Common_Chickweed/390.png
12238703512194729,/content/drive/MyDrive/Reco_Plantes_U/Common_Chickweed/356.png
12238703512194729,/content/drive/MyDrive/Reco_Plantes_U/Common_Chickweed/311.png
41329618044247230,/content/drive/MyDrive/Reco_Plantes_U/Common_Chickweed/340.png
41329618044247230,/content/drive/MyDrive/Reco_Plantes_U/Common_Chickweed/385.png
21575249097897576,/content/drive/MyDrive/Reco_Plantes_U/Common_Chickweed/324.png
21575249097897576,/content/drive/MyDrive/Reco_Plantes_U/Common_Chickweed/370.png
66028534546340825,/content/drive/MyDrive/Reco_Plantes_U/Common_Chickweed/334.png
66028534546340825,/content/drive/MyDrive/Reco_Plantes_U/Common_Chickweed/380.png
53874485425435697,/content/drive/MyDrive/Reco_Plantes_U/Common_Chickweed/319.png
53874485425435697,/content/drive/MyDrive/Reco_Plantes_U/Common_Chickweed/364.png
57163649010335674,/content/drive/MyDrive/Reco_Plantes_U/Common_Chickweed/343.png
57163649010335674,/content/drive/MyDrive/Reco_Plantes_U/Common_Chickweed/388.png
15383306428930470,/content/drive/MyDrive/Reco_Plantes_U/Common_Chickweed/360.png
15383306428930470,/content/drive/MyDrive/Reco_Plantes_U/Common_Chickweed/315.png
29393053666366907,/content/drive/MyDrive/Reco_Plantes_U/Common_Chickweed/347.png
29393053666366907,/content/drive/MyDrive/Reco_Plantes_U/Common_Chickweed/303.png
30018941864065556,/content/drive/MyDrive/Reco_Plantes_U/Common_Chickweed/318.png
30018941864065556,/content/drive/MyDrive/Reco_Plantes_U/Common_Chickweed/363.png
27446026567692336,/content/drive/MyDrive/Reco_Plantes_U/Cherry/790ba57a-4f9d-461f-99ce-88019ffc60ed___JR_HL 4015.JPG
27446026567692336,/content/drive/MyDrive/Reco_Plantes_U/Cherry/790ba57a-4f9d-461f-99ce-88019ffc60ed___JR_HL 4015_flipTB.JPG
64400265105794072,/content/drive/MyDrive/Reco_Plantes_U/Corn/83327a8d-9bfd-49d6-9fc9-bc065a379bce___RS_NLB 4044 copy 2_180deg.jpg
64400265105794072,/content/drive/MyDrive/Reco_Plantes_U/Corn/b7ec2193-2a49-43b9-9962-7a13d472e668___RS_NLB 4044_180deg.JPG
3971678411539331,/content/drive/MyDrive/Reco_Plantes_U/Corn/RS_Rust 2623_flipLR.JPG
3971678411539331,/content/drive/MyDrive/Reco_Plantes_U/Corn/RS_Rust 2408_flipLR.JPG
